REGION	POS	REF	ALT	REF_DP	REF_RV	REF_QUAL	ALT_DP	ALT_RV	ALT_QUAL	ALT_FREQ	TOTAL_DP	PVAL	PASS	GFF_FEATURE	REF_CODON	REF_AA	ALT_CODON	ALT_AA	POS_AA
lcl|NC_001477.1_cds_NP_059433.1_1	7938	C	T	0	0	0	76	38	40	1	76	5.42209e-45	TRUE	NA	NA	NA	NA	NA	NA
lcl|NC_001477.1_cds_NP_059433.1_1	7972	C	T	0	0	0	152	77	40	1	152	1.34204e-90	TRUE	NA	NA	NA	NA	NA	NA
lcl|NC_001477.1_cds_NP_059433.1_1	7977	G	A	0	0	0	152	77	40	1	152	1.34204e-90	TRUE	NA	NA	NA	NA	NA	NA
lcl|NC_001477.1_cds_NP_059433.1_1	7983	G	A	0	0	0	152	77	40	1	152	1.34204e-90	TRUE	NA	NA	NA	NA	NA	NA
lcl|NC_001477.1_cds_NP_059433.1_1	7995	C	A	0	0	0	168	83	40	1	168	3.28476e-100	TRUE	NA	NA	NA	NA	NA	NA
lcl|NC_001477.1_cds_NP_059433.1_1	8010	T	C	0	0	0	271	134	40	1	271	4.05539e-162	TRUE	NA	NA	NA	NA	NA	NA
lcl|NC_001477.1_cds_NP_059433.1_1	8022	T	C	0	0	0	271	134	40	1	271	4.05539e-162	TRUE	NA	NA	NA	NA	NA	NA
lcl|NC_001477.1_cds_NP_059433.1_1	8031	C	T	0	0	0	554	290	40	1	554	0	TRUE	NA	NA	NA	NA	NA	NA
lcl|NC_001477.1_cds_NP_059433.1_1	8034	T	C	0	0	0	583	305	40	1	583	0	TRUE	NA	NA	NA	NA	NA	NA
lcl|NC_001477.1_cds_NP_059433.1_1	8040	G	A	0	0	0	680	358	40	1	680	0	TRUE	NA	NA	NA	NA	NA	NA
lcl|NC_001477.1_cds_NP_059433.1_1	8056	T	C	0	0	0	885	463	40	1	885	0	TRUE	NA	NA	NA	NA	NA	NA
lcl|NC_001477.1_cds_NP_059433.1_1	8085	A	C	0	0	0	1036	535	40	1	1036	0	TRUE	NA	NA	NA	NA	NA	NA
lcl|NC_001477.1_cds_NP_059433.1_1	8100	T	C	0	0	0	1190	628	40	1	1190	0	TRUE	NA	NA	NA	NA	NA	NA
lcl|NC_001477.1_cds_NP_059433.1_1	8115	C	T	0	0	0	1383	729	40	1	1383	0	TRUE	NA	NA	NA	NA	NA	NA
lcl|NC_001477.1_cds_NP_059433.1_1	8121	T	C	0	0	0	1459	763	40	1	1459	0	TRUE	NA	NA	NA	NA	NA	NA
lcl|NC_001477.1_cds_NP_059433.1_1	8166	A	G	0	0	0	1709	872	40	1	1709	0	TRUE	NA	NA	NA	NA	NA	NA
lcl|NC_001477.1_cds_NP_059433.1_1	8172	A	G	0	0	0	1618	821	40	1	1618	0	TRUE	NA	NA	NA	NA	NA	NA
lcl|NC_001477.1_cds_NP_059433.1_1	8184	T	C	0	0	0	1491	761	40	1	1491	0	TRUE	NA	NA	NA	NA	NA	NA
lcl|NC_001477.1_cds_NP_059433.1_1	8191	C	T	0	0	0	1297	660	40	1	1297	0	TRUE	NA	NA	NA	NA	NA	NA
lcl|NC_001477.1_cds_NP_059433.1_1	8193	G	A	0	0	0	1274	646	40	1	1274	0	TRUE	NA	NA	NA	NA	NA	NA
lcl|NC_001477.1_cds_NP_059433.1_1	8196	A	G	0	0	0	1274	646	40	1	1274	0	TRUE	NA	NA	NA	NA	NA	NA
lcl|NC_001477.1_cds_NP_059433.1_1	8277	A	G	0	0	0	420	209	40	1	420	9.91203e-252	TRUE	NA	NA	NA	NA	NA	NA
lcl|NC_001477.1_cds_NP_059433.1_1	8289	G	A	0	0	0	285	141	40	1	285	1.54925e-170	TRUE	NA	NA	NA	NA	NA	NA
