REGION	POS	REF	ALT	REF_DP	REF_RV	REF_QUAL	ALT_DP	ALT_RV	ALT_QUAL	ALT_FREQ	TOTAL_DP	PVAL	PASS	GFF_FEATURE	REF_CODON	REF_AA	ALT_CODON	ALT_AA	POS_AA
lcl|NC_001477.1_cds_NP_059433.1_1	8514	C	T	0	0	0	24	5	40	1	24	6.20201e-14	TRUE	NA	NA	NA	NA	NA	NA
lcl|NC_001477.1_cds_NP_059433.1_1	8541	T	C	0	0	0	331	151	40	1	331	3.37152e-198	TRUE	NA	NA	NA	NA	NA	NA
lcl|NC_001477.1_cds_NP_059433.1_1	8562	T	C	0	0	0	552	263	40	1	552	0	TRUE	NA	NA	NA	NA	NA	NA
lcl|NC_001477.1_cds_NP_059433.1_1	8577	A	G	0	0	0	714	338	40	1	714	0	TRUE	NA	NA	NA	NA	NA	NA
lcl|NC_001477.1_cds_NP_059433.1_1	8610	C	T	0	0	0	1051	491	40	1	1051	0	TRUE	NA	NA	NA	NA	NA	NA
lcl|NC_001477.1_cds_NP_059433.1_1	8625	T	G	0	0	0	1051	491	40	1	1051	0	TRUE	NA	NA	NA	NA	NA	NA
lcl|NC_001477.1_cds_NP_059433.1_1	8631	C	T	0	0	0	1323	619	40	1	1323	0	TRUE	NA	NA	NA	NA	NA	NA
lcl|NC_001477.1_cds_NP_059433.1_1	8658	C	T	0	0	0	1653	783	40	1	1653	0	TRUE	NA	NA	NA	NA	NA	NA
lcl|NC_001477.1_cds_NP_059433.1_1	8715	C	T	0	0	0	1700	843	40	1	1700	0	TRUE	NA	NA	NA	NA	NA	NA
lcl|NC_001477.1_cds_NP_059433.1_1	8805	A	G	0	0	0	1231	660	40	1	1231	0	TRUE	NA	NA	NA	NA	NA	NA
lcl|NC_001477.1_cds_NP_059433.1_1	8814	A	G	0	0	0	1124	590	40	1	1124	0	TRUE	NA	NA	NA	NA	NA	NA
lcl|NC_001477.1_cds_NP_059433.1_1	8871	C	T	0	0	0	523	277	40	1	523	1.07543e-313	TRUE	NA	NA	NA	NA	NA	NA
