REGION	POS	REF	ALT	REF_DP	REF_RV	REF_QUAL	ALT_DP	ALT_RV	ALT_QUAL	ALT_FREQ	TOTAL_DP	PVAL	PASS	GFF_FEATURE	REF_CODON	REF_AA	ALT_CODON	ALT_AA	POS_AA
NC_001475.2	39	C	T	0	0	0	295	149	40	1	295	1.50315e-176	TRUE	NA	NA	NA	NA	NA	NA
NC_001475.2	86	A	G	0	0	0	795	379	40	1	795	0	TRUE	NA	NA	NA	NA	NA	NA
NC_001475.2	328	T	C	0	0	0	985	483	40	1	985	0	TRUE	NA	NA	NA	NA	NA	NA
NC_001475.2	383	C	A	0	0	0	362	200	40	1	362	7.64526e-217	TRUE	NA	NA	NA	NA	NA	NA
NC_001475.2	388	G	A	0	0	0	317	173	40	1	317	8.85704e-190	TRUE	NA	NA	NA	NA	NA	NA
NC_001475.2	3073	A	G	0	0	0	279	143	40	1	279	6.27862e-167	TRUE	NA	NA	NA	NA	NA	NA
NC_001475.2	3111	C	G	0	0	0	675	328	40	1	675	0	TRUE	NA	NA	NA	NA	NA	NA
NC_001475.2	3160	T	A	0	0	0	1228	599	40	1	1228	0	TRUE	NA	NA	NA	NA	NA	NA
NC_001475.2	3385	G	A	0	0	0	793	394	40	1	793	0	TRUE	NA	NA	NA	NA	NA	NA
NC_001475.2	4783	A	G	0	0	0	1674	858	40	1	1674	0	TRUE	NA	NA	NA	NA	NA	NA
NC_001475.2	4848	C	T	0	0	0	1204	636	40	1	1204	0	TRUE	NA	NA	NA	NA	NA	NA
NC_001475.2	4861	C	T	0	0	0	1061	564	40	1	1061	0	TRUE	NA	NA	NA	NA	NA	NA
NC_001475.2	4912	A	G	0	0	0	939	475	40	1	939	0	TRUE	NA	NA	NA	NA	NA	NA
NC_001475.2	5050	G	A	0	0	0	1724	859	40	1	1724	0	TRUE	NA	NA	NA	NA	NA	NA
NC_001475.2	5104	G	A	0	0	0	1717	880	40	1	1717	0	TRUE	NA	NA	NA	NA	NA	NA
NC_001475.2	5341	T	C	0	0	0	1789	891	40	1	1789	0	TRUE	NA	NA	NA	NA	NA	NA
NC_001475.2	5395	T	C	0	0	0	1839	934	40	1	1839	0	TRUE	NA	NA	NA	NA	NA	NA
NC_001475.2	5440	G	A	0	0	0	1454	739	40	1	1454	0	TRUE	NA	NA	NA	NA	NA	NA
NC_001475.2	5503	C	T	0	0	0	684	360	40	1	684	0	TRUE	NA	NA	NA	NA	NA	NA
NC_001475.2	5512	T	C	0	0	0	579	300	40	1	579	0	TRUE	NA	NA	NA	NA	NA	NA
NC_001475.2	8398	A	G	0	0	0	1121	543	40	1	1121	0	TRUE	NA	NA	NA	NA	NA	NA
NC_001475.2	10248	C	T	0	0	0	1501	720	40	1	1501	0	TRUE	NA	NA	NA	NA	NA	NA
NC_001475.2	10269	C	T	0	0	0	1744	851	40	1	1744	0	TRUE	NA	NA	NA	NA	NA	NA
NC_001475.2	10280	G	A	0	0	0	1752	864	40	1	1752	0	TRUE	NA	NA	NA	NA	NA	NA
NC_001475.2	10452	A	G	0	0	0	2482	1224	40	1	2482	0	TRUE	NA	NA	NA	NA	NA	NA
