REGION	POS	REF	ALT	REF_DP	REF_RV	REF_QUAL	ALT_DP	ALT_RV	ALT_QUAL	ALT_FREQ	TOTAL_DP	PVAL	PASS	GFF_FEATURE	REF_CODON	REF_AA	ALT_CODON	ALT_AA	POS_AA
lcl|NC_001477.1_cds_NP_059433.1_1	9459	T	C	0	0	0	243	110	40	1	243	2.76728e-145	TRUE	NA	NA	NA	NA	NA	NA
lcl|NC_001477.1_cds_NP_059433.1_1	9486	C	T	0	0	0	559	275	40	1	559	0	TRUE	NA	NA	NA	NA	NA	NA
lcl|NC_001477.1_cds_NP_059433.1_1	9507	C	T	0	0	0	804	409	40	1	804	0	TRUE	NA	NA	NA	NA	NA	NA
lcl|NC_001477.1_cds_NP_059433.1_1	9531	A	G	0	0	0	1095	556	40	1	1095	0	TRUE	NA	NA	NA	NA	NA	NA
lcl|NC_001477.1_cds_NP_059433.1_1	9591	A	G	0	0	0	1805	892	40	1	1805	0	TRUE	NA	NA	NA	NA	NA	NA
lcl|NC_001477.1_cds_NP_059433.1_1	9603	T	C	0	0	0	1657	832	40	1	1657	0	TRUE	NA	NA	NA	NA	NA	NA
lcl|NC_001477.1_cds_NP_059433.1_1	9615	C	T	0	0	0	1775	898	40	1	1775	0	TRUE	NA	NA	NA	NA	NA	NA
lcl|NC_001477.1_cds_NP_059433.1_1	9618	C	T	0	0	0	1769	896	40	1	1769	0	TRUE	NA	NA	NA	NA	NA	NA
lcl|NC_001477.1_cds_NP_059433.1_1	9645	G	A	0	0	0	1811	902	40	1	1811	0	TRUE	NA	NA	NA	NA	NA	NA
lcl|NC_001477.1_cds_NP_059433.1_1	9665	A	G	0	0	0	1799	880	40	1	1799	0	TRUE	NA	NA	NA	NA	NA	NA
lcl|NC_001477.1_cds_NP_059433.1_1	9699	A	G	0	0	0	1551	779	40	1	1551	0	TRUE	NA	NA	NA	NA	NA	NA
lcl|NC_001477.1_cds_NP_059433.1_1	9735	C	T	0	0	0	1085	557	40	1	1085	0	TRUE	NA	NA	NA	NA	NA	NA
lcl|NC_001477.1_cds_NP_059433.1_1	9753	A	T	0	0	0	864	444	40	1	864	0	TRUE	NA	NA	NA	NA	NA	NA
lcl|NC_001477.1_cds_NP_059433.1_1	9801	G	A	0	0	0	312	170	40	1	312	8.99785e-187	TRUE	NA	NA	NA	NA	NA	NA
