REGION	POS	REF	ALT	REF_DP	REF_RV	REF_QUAL	ALT_DP	ALT_RV	ALT_QUAL	ALT_FREQ	TOTAL_DP	PVAL	PASS	GFF_FEATURE	REF_CODON	REF_AA	ALT_CODON	ALT_AA	POS_AA
lcl|NC_001477.1_cds_NP_059433.1_1	208	G	A	0	0	0	1379	705	40	1	1379	0	TRUE	NA	NA	NA	NA	NA	NA
lcl|NC_001477.1_cds_NP_059433.1_1	261	A	G	0	0	0	1104	559	40	1	1104	0	TRUE	NA	NA	NA	NA	NA	NA
lcl|NC_001477.1_cds_NP_059433.1_1	339	G	A	0	0	0	404	205	40	1	404	4.17536e-242	TRUE	NA	NA	NA	NA	NA	NA
lcl|NC_001477.1_cds_NP_059433.1_1	345	C	T	0	0	0	359	184	40	1	359	4.87266e-215	TRUE	NA	NA	NA	NA	NA	NA
lcl|NC_001477.1_cds_NP_059433.1_1	358	C	-GAG	241	119	40	8	0	20	0.033195	241	0.0595538	FALSE	NA	NA	NA	NA	NA	NA
lcl|NC_001477.1_cds_NP_059433.1_1	360	A	G	0	0	0	208	98	40	1	208	1.26152e-126	TRUE	NA	NA	NA	NA	NA	NA
lcl|NC_001477.1_cds_NP_059433.1_1	363	G	A	8	3	40	179	88	40	0.957219	187	5.41983e-98	TRUE	NA	NA	NA	NA	NA	NA
lcl|NC_001477.1_cds_NP_059433.1_1	8514	C	T	0	0	0	33	11	40	1	33	2.7703e-19	TRUE	NA	NA	NA	NA	NA	NA
lcl|NC_001477.1_cds_NP_059433.1_1	8541	T	C	0	0	0	332	151	40	1	332	8.44151e-199	TRUE	NA	NA	NA	NA	NA	NA
lcl|NC_001477.1_cds_NP_059433.1_1	8562	T	C	0	0	0	552	260	40	1	552	0	TRUE	NA	NA	NA	NA	NA	NA
lcl|NC_001477.1_cds_NP_059433.1_1	8595	T	C	0	0	0	942	446	40	1	942	0	TRUE	NA	NA	NA	NA	NA	NA
lcl|NC_001477.1_cds_NP_059433.1_1	8625	T	G	0	0	0	1053	504	40	1	1053	0	TRUE	NA	NA	NA	NA	NA	NA
lcl|NC_001477.1_cds_NP_059433.1_1	8655	C	T	0	0	0	1579	769	40	1	1579	0	TRUE	NA	NA	NA	NA	NA	NA
lcl|NC_001477.1_cds_NP_059433.1_1	8658	C	T	0	0	0	1613	784	40	1	1613	0	TRUE	NA	NA	NA	NA	NA	NA
lcl|NC_001477.1_cds_NP_059433.1_1	8700	T	C	0	0	0	1599	790	40	1	1599	0	TRUE	NA	NA	NA	NA	NA	NA
lcl|NC_001477.1_cds_NP_059433.1_1	8871	C	T	0	0	0	498	270	40	1	498	1.18155e-298	TRUE	NA	NA	NA	NA	NA	NA
lcl|NC_001477.1_cds_NP_059433.1_1	10121	T	A	0	0	0	851	406	40	1	851	0	TRUE	NA	NA	NA	NA	NA	NA
